concept_id,label,category,parent_id,description
method_01,Machine Learning,method,,Computational methods that use statistical techniques to give computers the ability to learn from data
method_02,Deep Learning,method,,Neural network based approaches with multiple layers for representation learning
method_03,Natural Language Processing,method,,Computational techniques for analyzing and understanding human language text and speech
method_04,Computer Vision,method,,Automated extraction of information from images and video using computational methods
method_05,Randomized Controlled Trial,method,,Experimental study design with random assignment to treatment and control groups
method_06,Survey Research,method,,Systematic data collection through questionnaires and interviews from sampled populations
method_07,Qualitative Research,method,,Research methodology using non-numerical data including interviews focus groups and observations
method_08,Mixed Methods Research,method,,Research combining quantitative and qualitative data collection and analysis approaches
method_09,Community-Based Participatory Research,method,,Collaborative research approach partnering researchers with community members throughout the process
method_10,Longitudinal Study,method,,Research design involving repeated observations of the same subjects over extended periods
method_11,Geospatial Analysis,method,,Analysis of geographic and spatial data using mapping and location-based techniques including GIS
method_12,Statistical Modeling,method,,Mathematical frameworks for describing relationships between variables and making predictions
method_13,Simulation and Modeling,method,,Computer-based models that simulate real-world processes and systems for analysis
method_14,Field Experiment,method,,Experimental research conducted in natural settings outside laboratory environments
method_15,Ethnography,method,,Qualitative research method involving systematic study of people and cultures through observation
method_16,Meta-Analysis,method,,Statistical technique combining results from multiple studies to identify patterns and effects
method_17,Data Science,method,,Interdisciplinary field using scientific methods and algorithms to extract knowledge from data
method_18,Remote Sensing,method,,Acquisition of information about objects or phenomena from a distance using sensors
method_19,Bioinformatics,method,,Application of computational tools to understand biological data including genomics and proteomics
method_20,Clinical Trial,method,,Research study testing medical interventions in human participants to evaluate safety and efficacy
method_21,Policy Analysis,method,,Systematic evaluation of public policy alternatives and their potential outcomes
method_22,Network Analysis,method,,Study of relationships and interactions between entities using graph theory and computational methods
method_23,Participatory Action Research,method,,Research approach where participants are active collaborators in the research process
method_24,Systems Thinking,method,,Holistic approach to analysis focusing on how components of a system interrelate and work over time
method_25,Citizen Science,method,,Public participation in scientific research including data collection and analysis
